Country,Country_Code
Phillipines,162
Phillipines,162
Phillipines,162
Phillipines,162
Phillipines,162
Phillipines,162
Phillipines,162
Phillipines,162
Phillipines,162
Phillipines,162
Phillipines,162
Phillipines,162
Phillipines,162
Phillipines,162
Phillipines,162
Phillipines,162
Phillipines,162
Phillipines,162
Phillipines,162
Phillipines,162
Phillipines,162
Phillipines,162
Brazil,30
Brazil,30
Brazil,30
Brazil,30
Brazil,30
Brazil,30
Brazil,30
Brazil,30
Brazil,30
Brazil,30
Brazil,30
Brazil,30
Brazil,30
Brazil,30
Brazil,30
Brazil,30
Brazil,30
Brazil,30
Brazil,30
Brazil,30
Brazil,30
Brazil,30
Brazil,30
Brazil,30
Brazil,30
Brazil,30
Brazil,30
Brazil,30
Brazil,30
Brazil,30
Brazil,30
Brazil,30
Brazil,30
Brazil,30
Brazil,30
Brazil,30
Brazil,30
Brazil,30
Brazil,30
Brazil,30
Brazil,30
Brazil,30
Brazil,30
Brazil,30
Brazil,30
Brazil,30
Brazil,30
Brazil,30
Brazil,30
Brazil,30
Brazil,30
Brazil,30
Brazil,30
Brazil,30
Brazil,30
Brazil,30
Brazil,30
Brazil,30
Brazil,30
Brazil,30
United States,216
United States,216
United States,216
United States,216
United States,216
United States,216
United States,216
United States,216
United States,216
United States,216
United States,216
United States,216
United States,216
United States,216
United States,216
United States,216
United States,216
Australia,14
United States,216
United States,216
United States,216
United States,216
United States,216
United States,216
United States,216
United States,216
United States,216
United States,216
United States,216
United States,216
United States,216
United States,216
United States,216
United States,216
United States,216
United States,216
United States,216
United States,216
United States,216
United States,216
United States,216
United States,216
United States,216
United States,216
United States,216
United States,216
United States,216
United States,216
United States,216
United States,216
United States,216
United States,216
United States,216
United States,216
United States,216
United States,216
United States,216
United States,216
Australia,14
Australia,14
United States,216
United States,216
United States,216
United States,216
United States,216
United States,216
United States,216
United States,216
United States,216
United States,216
United States,216
United States,216
United States,216
United States,216
United States,216
United States,216
United States,216
United States,216
United States,216
United States,216
United States,216
United States,216
United States,216
United States,216
United States,216
United States,216
United States,216
United States,216
United States,216
United States,216
United States,216
United States,216
United States,216
United States,216
United States,216
United States,216
United States,216
United States,216
United States,216
United States,216
Canada,37
United States,216
United States,216
United States,216
United States,216
United States,216
United States,216
United States,216
United States,216
United States,216
United States,216
United States,216
United States,216
United States,216
United States,216
United States,216
United States,216
United States,216
United States,216
United States,216
United States,216
United States,216
United States,216
Canada,37
United States,216
United States,216
United States,216
United States,216
United States,216
United States,216
United States,216
United States,216
United States,216
United States,216
United States,216
United States,216
United States,216
United States,216
United States,216
United States,216
United States,216
United States,216
United States,216
United States,216
United States,216
United States,216
United States,216
United States,216
United States,216
United States,216
United States,216
United States,216
United States,216
United States,216
United States,216
United States,216
United States,216
United States,216
United States,216
United States,216
United States,216
United States,216
United States,216
United States,216
United States,216
United States,216
United States,216
United States,216
United States,216
United States,216
United States,216
United States,216
United States,216
United States,216
United States,216
United States,216
United States,216
United States,216
United States,216
United States,216
United States,216
United States,216
United States,216
United States,216
Australia,14
United States,216
United States,216
United States,216
United States,216
United States,216
United States,216
United States,216
United States,216
United States,216
United States,216
United States,216
United States,216
United States,216
United States,216
United States,216
United States,216
United States,216
United States,216
United States,216
United States,216
Australia,14
United States,216
Australia,14
Australia,14
United States,216
United States,216
United States,216
United States,216
United States,216
United States,216
United States,216
United States,216
United States,216
United States,216
United States,216
United States,216
United States,216
United States,216
United States,216
United States,216
United States,216
United States,216
United States,216
Australia,14
Australia,14
Australia,14
Australia,14
Australia,14
United States,216
United States,216
Australia,14
Australia,14
United States,216
United States,216
United States,216
United States,216
United States,216
United States,216
United States,216
United States,216
United States,216
United States,216
United States,216
United States,216
United States,216
United States,216
United States,216
United States,216
United States,216
United States,216
United States,216
Australia,14
United States,216
Australia,14
United States,216
Australia,14
United States,216
United States,216
United States,216
United States,216
United States,216
United States,216
United States,216
United States,216
United States,216
United States,216
United States,216
United States,216
United States,216
United States,216
United States,216
United States,216
United States,216
United States,216
United States,216
United States,216
Australia,14
Australia,14
Australia,14
United States,216
United States,216
United States,216
United States,216
United States,216
United States,216
United States,216
United States,216
United States,216
United States,216
United States,216
United States,216
United States,216
United States,216
United States,216
United States,216
United States,216
United States,216
United States,216
United States,216
Australia,14
United States,216
United States,216
United States,216
United States,216
United States,216
United States,216
United States,216
United States,216
United States,216
United States,216
United States,216
United States,216
United States,216
United States,216
United States,216
United States,216
United States,216
United States,216
United States,216
United States,216
United States,216
United States,216
United States,216
United States,216
United States,216
United States,216
United States,216
United States,216
United States,216
United States,216
United States,216
United States,216
United States,216
United States,216
United States,216
United States,216
United States,216
United States,216
United States,216
United States,216
United States,216
United States,216
United States,216
United States,216
United States,216
United States,216
United States,216
United States,216
United States,216
United States,216
United States,216
United States,216
United States,216
United States,216
United States,216
United States,216
United States,216
United States,216
United States,216
United States,216
Singapore,184
Singapore,184
Singapore,184
Singapore,184
Singapore,184
Singapore,184
Singapore,184
Singapore,184
Singapore,184
Singapore,184
Singapore,184
Singapore,184
Singapore,184
Singapore,184
Singapore,184
Singapore,184
Singapore,184
Singapore,184
Singapore,184
Singapore,184
United States,216
United States,216
United States,216
United States,216
United States,216
United States,216
United States,216
United States,216
United States,216
United States,216
United States,216
United States,216
United States,216
United States,216
United States,216
United States,216
United States,216
United States,216
United States,216
United States,216
United States,216
United States,216
United States,216
United States,216
United States,216
United States,216
United States,216
United States,216
United States,216
United States,216
United States,216
United States,216
United States,216
United States,216
United States,216
United States,216
United States,216
United States,216
United States,216
United States,216
Australia,14
Australia,14
United States,216
United States,216
United States,216
United States,216
United States,216
United States,216
United States,216
United States,216
United States,216
United States,216
United States,216
United States,216
United States,216
United States,216
United States,216
United States,216
United States,216
United States,216
United States,216
United States,216
United States,216
Australia,14
Canada,37
United States,216
United States,216
United States,216
United States,216
United States,216
United States,216
United States,216
United States,216
United States,216
United States,216
United States,216
United States,216
United States,216
United States,216
United States,216
United States,216
United States,216
United States,216
United States,216
United States,216
United States,216
United States,216
Canada,37
UAE,214
UAE,214
UAE,214
UAE,214
UAE,214
UAE,214
UAE,214
UAE,214
UAE,214
UAE,214
UAE,214
UAE,214
UAE,214
UAE,214
UAE,214
UAE,214
UAE,214
UAE,214
UAE,214
UAE,214
UAE,214
UAE,214
UAE,214
UAE,214
UAE,214
UAE,214
UAE,214
UAE,214
UAE,214
UAE,214
UAE,214
UAE,214
UAE,214
UAE,214
UAE,214
UAE,214
UAE,214
UAE,214
UAE,214
UAE,214
UAE,214
UAE,214
UAE,214
UAE,214
UAE,214
UAE,214
UAE,214
UAE,214
UAE,214
UAE,214
UAE,214
UAE,214
UAE,214
UAE,214
UAE,214
UAE,214
UAE,214
UAE,214
UAE,214
UAE,214
India,1
India,1
India,1
India,1
India,1
India,1
India,1
India,1
India,1
India,1
India,1
India,1
India,1
India,1
India,1
India,1
India,1
India,1
India,1
India,1
India,1
India,1
India,1
India,1
India,1
India,1
India,1
India,1
India,1
India,1
India,1
India,1
India,1
India,1
India,1
India,1
India,1
India,1
India,1
India,1
India,1
India,1
India,1
India,1
India,1
India,1
India,1
India,1
India,1
India,1
India,1
India,1
India,1
India,1
India,1
India,1
India,1
India,1
India,1
India,1
India,1
India,1
India,1
India,1
India,1
India,1
India,1
India,1
India,1
India,1
India,1
India,1
India,1
India,1
India,1
India,1
India,1
India,1
India,1
India,1
India,1
India,1
India,1
India,1
India,1
India,1
India,1
India,1
India,1
India,1
India,1
India,1
India,1
India,1
India,1
India,1
India,1
India,1
India,1
India,1
India,1
India,1
India,1
India,1
India,1
India,1
India,1
India,1
India,1
India,1
India,1
India,1
India,1
India,1
India,1
India,1
India,1
India,1
India,1
India,1
India,1
India,1
India,1
India,1
India,1
India,1
India,1
India,1
India,1
India,1
India,1
India,1
India,1
India,1
India,1
India,1
India,1
India,1
India,1
India,1
India,1
India,1
India,1
India,1
India,1
India,1
India,1
India,1
India,1
India,1
India,1
India,1
India,1
India,1
India,1
India,1
India,1
India,1
India,1
India,1
India,1
India,1
India,1
India,1
India,1
India,1
India,1
India,1
India,1
India,1
India,1
India,1
India,1
India,1
India,1
India,1
India,1
India,1
India,1
India,1
India,1
India,1
India,1
India,1
India,1
India,1
India,1
India,1
India,1
India,1
India,1
India,1
India,1
India,1
India,1
India,1
India,1
India,1
India,1
India,1
India,1
India,1
India,1
India,1
India,1
India,1
India,1
India,1
India,1
India,1
India,1
India,1
India,1
India,1
India,1
India,1
India,1
India,1
India,1
India,1
India,1
India,1
India,1
India,1
India,1
India,1
India,1
India,1
India,1
India,1
India,1
India,1
India,1
India,1
India,1
India,1
India,1
India,1
India,1
India,1
India,1
India,1
India,1
India,1
India,1
India,1
India,1
India,1
India,1
India,1
India,1
India,1
India,1
India,1
India,1
India,1
India,1
India,1
India,1
India,1
India,1
India,1
India,1
India,1
India,1
India,1
India,1
India,1
India,1
India,1
India,1
India,1
India,1
India,1
India,1
India,1
India,1
India,1
India,1
India,1
India,1
India,1
India,1
India,1
India,1
India,1
India,1
India,1
India,1
India,1
India,1
India,1
India,1
India,1
India,1
India,1
India,1
India,1
India,1
India,1
India,1
India,1
India,1
India,1
India,1
India,1
India,1
India,1
India,1
India,1
India,1
India,1
India,1
India,1
India,1
India,1
India,1
India,1
India,1
India,1
India,1
India,1
India,1
India,1
India,1
India,1
India,1
India,1
India,1
India,1
India,1
India,1
India,1
India,1
India,1
India,1
India,1
India,1
India,1
India,1
India,1
India,1
India,1
India,1
India,1
India,1
India,1
India,1
India,1
India,1
India,1
India,1
India,1
India,1
India,1
India,1
India,1
India,1
India,1
India,1
India,1
India,1
India,1
India,1
India,1
India,1
India,1
India,1
India,1
India,1
India,1
India,1
India,1
India,1
India,1
India,1
India,1
India,1
India,1
India,1
India,1
India,1
India,1
India,1
India,1
India,1
India,1
India,1
India,1
India,1
India,1
India,1
India,1
India,1
India,1
India,1
India,1
India,1
India,1
India,1
India,1
India,1
India,1
India,1
India,1
India,1
India,1
India,1
India,1
India,1
India,1
India,1
India,1
India,1
India,1
India,1
India,1
India,1
India,1
India,1
India,1
India,1
India,1
India,1
India,1
India,1
India,1
India,1
India,1
India,1
India,1
India,1
India,1
India,1
India,1
India,1
India,1
India,1
India,1
India,1
India,1
India,1
India,1
India,1
India,1
India,1
India,1
India,1
India,1
India,1
India,1
India,1
India,1
India,1
India,1
India,1
India,1
India,1
India,1
India,1
India,1
India,1
India,1
India,1
India,1
India,1
India,1
India,1
India,1
India,1
India,1
India,1
India,1
India,1
India,1
India,1
India,1
India,1
India,1
India,1
India,1
India,1
India,1
India,1
India,1
India,1
India,1
India,1
India,1
India,1
India,1
India,1
India,1
India,1
India,1
India,1
India,1
India,1
India,1
India,1
India,1
India,1
India,1
India,1
India,1
India,1
India,1
India,1
India,1
India,1
India,1
India,1
India,1
India,1
India,1
India,1
India,1
India,1
India,1
India,1
India,1
India,1
India,1
India,1
India,1
India,1
India,1
India,1
India,1
India,1
India,1
India,1
India,1
India,1
India,1
India,1
India,1
India,1
India,1
India,1
India,1
India,1
India,1
India,1
India,1
India,1
India,1
India,1
India,1
India,1
India,1
India,1
India,1
India,1
India,1
India,1
India,1
India,1
India,1
India,1
India,1
India,1
India,1
India,1
India,1
India,1
India,1
India,1
India,1
India,1
India,1
India,1
India,1
India,1
India,1
India,1
India,1
India,1
India,1
India,1
India,1
India,1
India,1
India,1
India,1
India,1
India,1
India,1
India,1
India,1
India,1
India,1
India,1
India,1
India,1
India,1
India,1
India,1
India,1
India,1
India,1
India,1
India,1
India,1
India,1
India,1
India,1
India,1
India,1
India,1
India,1
India,1
India,1
India,1
India,1
India,1
India,1
India,1
India,1
India,1
India,1
India,1
India,1
India,1
India,1
India,1
India,1
India,1
India,1
India,1
India,1
India,1
India,1
India,1
India,1
India,1
India,1
India,1
India,1
India,1
India,1
India,1
India,1
India,1
India,1
India,1
India,1
India,1
India,1
India,1
India,1
India,1
India,1
India,1
India,1
India,1
India,1
India,1
India,1
India,1
India,1
India,1
India,1
India,1
India,1
India,1
India,1
India,1
India,1
India,1
India,1
India,1
India,1
India,1
India,1
India,1
India,1
India,1
India,1
India,1
India,1
India,1
India,1
India,1
India,1
India,1
India,1
India,1
India,1
India,1
India,1
India,1
India,1
India,1
India,1
India,1
India,1
India,1
India,1
India,1
India,1
India,1
India,1
India,1
India,1
India,1
India,1
India,1
India,1
India,1
India,1
India,1
India,1
India,1
India,1
India,1
India,1
India,1
India,1
India,1
India,1
India,1
India,1
India,1
India,1
India,1
India,1
India,1
India,1
India,1
India,1
India,1
India,1
India,1
India,1
India,1
India,1
India,1
India,1
India,1
India,1
India,1
India,1
India,1
India,1
India,1
India,1
India,1
India,1
India,1
India,1
India,1
India,1
India,1
India,1
India,1
India,1
India,1
India,1
India,1
India,1
India,1
India,1
India,1
India,1
India,1
India,1
India,1
India,1
India,1
India,1
India,1
India,1
India,1
India,1
India,1
India,1
India,1
India,1
India,1
India,1
India,1
India,1
India,1
India,1
India,1
India,1
India,1
India,1
India,1
India,1
India,1
India,1
India,1
India,1
India,1
India,1
India,1
India,1
India,1
India,1
India,1
India,1
India,1
India,1
India,1
India,1
India,1
India,1
India,1
India,1
India,1
India,1
India,1
India,1
India,1
India,1
India,1
India,1
India,1
India,1
India,1
India,1
India,1
India,1
India,1
India,1
India,1
India,1
India,1
India,1
India,1
India,1
India,1
India,1
India,1
India,1
India,1
India,1
India,1
India,1
India,1
India,1
India,1
India,1
India,1
India,1
India,1
India,1
India,1
India,1
India,1
India,1
India,1
India,1
India,1
India,1
India,1
India,1
India,1
India,1
India,1
India,1
India,1
India,1
India,1
India,1
India,1
India,1
India,1
India,1
India,1
India,1
India,1
India,1
India,1
India,1
India,1
India,1
India,1
India,1
India,1
India,1
India,1
India,1
India,1
India,1
India,1
India,1
India,1
India,1
India,1
India,1
India,1
India,1
India,1
India,1
India,1
India,1
India,1
India,1
India,1
India,1
India,1
India,1
India,1
India,1
India,1
India,1
India,1
India,1
India,1
India,1
India,1
India,1
India,1
India,1
India,1
India,1
India,1
India,1
India,1
India,1
India,1
India,1
India,1
India,1
India,1
India,1
India,1
India,1
India,1
India,1
India,1
India,1
India,1
India,1
India,1
India,1
India,1
India,1
India,1
India,1
India,1
India,1
India,1
India,1
India,1
India,1
India,1
India,1
India,1
India,1
India,1
India,1
India,1
India,1
India,1
India,1
India,1
India,1
India,1
India,1
India,1
India,1
India,1
India,1
India,1
India,1
India,1
India,1
India,1
India,1
India,1
India,1
India,1
India,1
India,1
India,1
India,1
India,1
India,1
India,1
India,1
India,1
India,1
India,1
India,1
India,1
India,1
India,1
India,1
India,1
India,1
India,1
India,1
India,1
India,1
India,1
India,1
India,1
India,1
India,1
India,1
India,1
India,1
India,1
India,1
India,1
India,1
India,1
India,1
India,1
India,1
India,1
India,1
India,1
India,1
India,1
India,1
India,1
India,1
India,1
India,1
India,1
India,1
India,1
India,1
India,1
India,1
India,1
India,1
India,1
India,1
India,1
India,1
India,1
India,1
India,1
India,1
India,1
India,1
India,1
India,1
India,1
India,1
India,1
India,1
India,1
India,1
India,1
India,1
India,1
India,1
India,1
India,1
India,1
India,1
India,1
India,1
India,1
India,1
India,1
India,1
India,1
India,1
India,1
India,1
India,1
India,1
India,1
India,1
India,1
India,1
India,1
India,1
India,1
India,1
India,1
India,1
India,1
India,1
India,1
India,1
India,1
India,1
India,1
India,1
India,1
India,1
India,1
India,1
India,1
India,1
India,1
India,1
India,1
India,1
India,1
India,1
India,1
India,1
India,1
India,1
India,1
India,1
India,1
India,1
India,1
India,1
India,1
India,1
India,1
India,1
India,1
India,1
India,1
India,1
India,1
India,1
India,1
India,1
India,1
India,1
India,1
India,1
India,1
India,1
India,1
India,1
India,1
India,1
India,1
India,1
India,1
India,1
India,1
India,1
India,1
India,1
India,1
India,1
India,1
India,1
India,1
India,1
India,1
India,1
India,1
India,1
India,1
India,1
India,1
India,1
India,1
India,1
India,1
India,1
India,1
India,1
India,1
India,1
India,1
India,1
India,1
India,1
India,1
India,1
India,1
India,1
India,1
India,1
India,1
India,1
India,1
India,1
India,1
India,1
India,1
India,1
India,1
India,1
India,1
India,1
India,1
India,1
India,1
India,1
India,1
India,1
India,1
India,1
India,1
India,1
India,1
India,1
India,1
India,1
India,1
India,1
India,1
India,1
India,1
India,1
India,1
India,1
India,1
India,1
India,1
India,1
India,1
India,1
India,1
India,1
India,1
India,1
India,1
India,1
India,1
India,1
India,1
India,1
India,1
India,1
India,1
India,1
India,1
India,1
India,1
India,1
India,1
India,1
India,1
India,1
India,1
India,1
India,1
India,1
India,1
India,1
India,1
India,1
India,1
India,1
India,1
India,1
India,1
India,1
India,1
India,1
India,1
India,1
India,1
India,1
India,1
India,1
India,1
India,1
India,1
India,1
India,1
India,1
India,1
India,1
India,1
India,1
India,1
India,1
India,1
India,1
India,1
India,1
India,1
India,1
India,1
India,1
India,1
India,1
India,1
India,1
India,1
India,1
India,1
India,1
India,1
India,1
India,1
India,1
India,1
India,1
India,1
India,1
India,1
India,1
India,1
India,1
India,1
India,1
India,1
India,1
India,1
India,1
India,1
India,1
India,1
India,1
India,1
India,1
India,1
India,1
India,1
India,1
India,1
India,1
India,1
India,1
India,1
India,1
India,1
India,1
India,1
India,1
India,1
India,1
India,1
India,1
India,1
India,1
India,1
India,1
India,1
India,1
India,1
India,1
India,1
India,1
India,1
India,1
India,1
India,1
India,1
India,1
India,1
India,1
India,1
India,1
India,1
India,1
India,1
India,1
India,1
India,1
India,1
India,1
India,1
India,1
India,1
India,1
India,1
India,1
India,1
India,1
India,1
India,1
India,1
India,1
India,1
India,1
India,1
India,1
India,1
India,1
India,1
India,1
India,1
India,1
India,1
India,1
India,1
India,1
India,1
India,1
India,1
India,1
India,1
India,1
India,1
India,1
India,1
India,1
India,1
India,1
India,1
India,1
India,1
India,1
India,1
India,1
India,1
India,1
India,1
India,1
India,1
India,1
India,1
India,1
India,1
India,1
India,1
India,1
India,1
India,1
India,1
India,1
India,1
India,1
India,1
India,1
India,1
India,1
India,1
India,1
India,1
India,1
India,1
India,1
India,1
India,1
India,1
India,1
India,1
India,1
India,1
India,1
India,1
India,1
India,1
India,1
India,1
India,1
India,1
India,1
India,1
India,1
India,1
India,1
India,1
India,1
India,1
India,1
India,1
India,1
India,1
India,1
India,1
India,1
India,1
India,1
India,1
India,1
India,1
India,1
India,1
India,1
India,1
India,1
India,1
India,1
India,1
India,1
India,1
India,1
India,1
India,1
India,1
India,1
India,1
India,1
India,1
India,1
India,1
India,1
India,1
India,1
India,1
India,1
India,1
India,1
India,1
India,1
India,1
India,1
India,1
India,1
India,1
India,1
India,1
India,1
India,1
India,1
India,1
India,1
India,1
India,1
India,1
India,1
India,1
India,1
India,1
India,1
India,1
India,1
India,1
India,1
India,1
India,1
India,1
India,1
India,1
India,1
India,1
India,1
India,1
India,1
India,1
India,1
India,1
India,1
India,1
India,1
India,1
India,1
India,1
India,1
India,1
India,1
India,1
India,1
India,1
India,1
India,1
India,1
India,1
India,1
India,1
India,1
India,1
India,1
India,1
India,1
India,1
India,1
India,1
India,1
India,1
India,1
India,1
India,1
India,1
India,1
India,1
India,1
India,1
India,1
India,1
India,1
India,1
India,1
India,1
India,1
India,1
India,1
India,1
India,1
India,1
India,1
India,1
India,1
India,1
India,1
India,1
India,1
India,1
India,1
India,1
India,1
India,1
India,1
India,1
India,1
India,1
India,1
India,1
India,1
India,1
India,1
India,1
India,1
India,1
India,1
India,1
India,1
India,1
India,1
India,1
India,1
India,1
India,1
India,1
India,1
India,1
India,1
India,1
India,1
India,1
India,1
India,1
India,1
India,1
India,1
India,1
India,1
India,1
India,1
India,1
India,1
India,1
India,1
India,1
India,1
India,1
India,1
India,1
India,1
India,1
India,1
India,1
India,1
India,1
India,1
India,1
India,1
India,1
India,1
India,1
India,1
India,1
India,1
India,1
India,1
India,1
India,1
India,1
India,1
India,1
India,1
India,1
India,1
India,1
India,1
India,1
India,1
India,1
India,1
India,1
India,1
India,1
India,1
India,1
India,1
India,1
India,1
India,1
India,1
India,1
India,1
India,1
India,1
India,1
India,1
India,1
India,1
India,1
India,1
India,1
India,1
India,1
India,1
India,1
India,1
India,1
India,1
India,1
India,1
India,1
India,1
India,1
India,1
India,1
India,1
India,1
India,1
India,1
India,1
India,1
India,1
India,1
India,1
India,1
India,1
India,1
India,1
India,1
India,1
India,1
India,1
India,1
India,1
India,1
India,1
India,1
India,1
India,1
India,1
India,1
India,1
India,1
India,1
India,1
India,1
India,1
India,1
India,1
India,1
India,1
India,1
India,1
India,1
India,1
India,1
India,1
India,1
India,1
India,1
India,1
India,1
India,1
India,1
India,1
India,1
India,1
India,1
India,1
India,1
India,1
India,1
India,1
India,1
India,1
India,1
India,1
India,1
India,1
India,1
India,1
India,1
India,1
India,1
India,1
India,1
India,1
India,1
India,1
India,1
India,1
India,1
India,1
India,1
India,1
India,1
India,1
India,1
India,1
India,1
India,1
India,1
India,1
India,1
India,1
India,1
India,1
India,1
India,1
India,1
India,1
India,1
India,1
India,1
India,1
India,1
India,1
India,1
India,1
India,1
India,1
India,1
India,1
India,1
India,1
India,1
India,1
India,1
India,1
India,1
India,1
India,1
India,1
India,1
India,1
India,1
India,1
India,1
India,1
India,1
India,1
India,1
India,1
India,1
India,1
India,1
India,1
India,1
India,1
India,1
India,1
India,1
India,1
India,1
India,1
India,1
India,1
India,1
India,1
India,1
India,1
India,1
India,1
India,1
India,1
India,1
India,1
India,1
India,1
India,1
India,1
India,1
India,1
India,1
India,1
India,1
India,1
India,1
India,1
India,1
India,1
India,1
India,1
India,1
India,1
India,1
India,1
India,1
India,1
India,1
India,1
India,1
India,1
India,1
India,1
India,1
India,1
India,1
India,1
India,1
India,1
India,1
India,1
India,1
India,1
India,1
India,1
India,1
India,1
India,1
India,1
India,1
India,1
India,1
India,1
India,1
India,1
India,1
India,1
India,1
India,1
India,1
India,1
India,1
India,1
India,1
India,1
India,1
India,1
India,1
India,1
India,1
India,1
India,1
India,1
India,1
India,1
India,1
India,1
India,1
India,1
India,1
India,1
India,1
India,1
India,1
India,1
India,1
India,1
India,1
India,1
India,1
India,1
India,1
India,1
India,1
India,1
India,1
India,1
India,1
India,1
India,1
India,1
India,1
India,1
India,1
India,1
India,1
India,1
India,1
India,1
India,1
India,1
India,1
India,1
India,1
India,1
India,1
India,1
India,1
India,1
India,1
India,1
India,1
India,1
India,1
India,1
India,1
India,1
India,1
India,1
India,1
India,1
India,1
India,1
India,1
India,1
India,1
India,1
India,1
India,1
India,1
India,1
India,1
India,1
India,1
India,1
India,1
India,1
India,1
India,1
India,1
India,1
India,1
India,1
India,1
India,1
India,1
India,1
India,1
India,1
India,1
India,1
India,1
India,1
India,1
India,1
India,1
India,1
India,1
India,1
India,1
India,1
India,1
India,1
India,1
India,1
India,1
India,1
India,1
India,1
India,1
India,1
India,1
India,1
India,1
India,1
India,1
India,1
India,1
India,1
India,1
India,1
India,1
India,1
India,1
India,1
India,1
India,1
India,1
India,1
India,1
India,1
India,1
India,1
India,1
India,1
India,1
India,1
India,1
India,1
India,1
India,1
India,1
India,1
India,1
India,1
India,1
India,1
India,1
India,1
India,1
India,1
India,1
India,1
India,1
India,1
India,1
India,1
India,1
India,1
India,1
India,1
India,1
India,1
India,1
India,1
India,1
India,1
India,1
India,1
India,1
India,1
India,1
India,1
India,1
India,1
India,1
India,1
India,1
India,1
India,1
India,1
India,1
India,1
India,1
India,1
India,1
India,1
India,1
India,1
India,1
India,1
India,1
India,1
India,1
India,1
India,1
India,1
India,1
India,1
India,1
India,1
India,1
India,1
India,1
India,1
India,1
India,1
India,1
India,1
India,1
India,1
India,1
India,1
India,1
India,1
India,1
India,1
India,1
India,1
India,1
India,1
India,1
India,1
India,1
India,1
India,1
India,1
India,1
India,1
India,1
India,1
India,1
India,1
India,1
India,1
India,1
India,1
India,1
India,1
India,1
India,1
India,1
India,1
India,1
India,1
India,1
India,1
India,1
India,1
India,1
India,1
India,1
India,1
India,1
India,1
India,1
India,1
India,1
India,1
India,1
India,1
India,1
India,1
India,1
India,1
India,1
India,1
India,1
India,1
India,1
India,1
India,1
India,1
India,1
India,1
India,1
India,1
India,1
India,1
India,1
India,1
India,1
India,1
India,1
India,1
India,1
India,1
India,1
India,1
India,1
India,1
India,1
India,1
India,1
India,1
India,1
India,1
India,1
India,1
India,1
India,1
India,1
India,1
India,1
India,1
India,1
India,1
India,1
India,1
India,1
India,1
India,1
India,1
India,1
India,1
India,1
India,1
India,1
India,1
India,1
India,1
India,1
India,1
India,1
India,1
India,1
India,1
India,1
India,1
India,1
India,1
India,1
India,1
India,1
India,1
India,1
India,1
India,1
India,1
India,1
India,1
India,1
India,1
India,1
India,1
India,1
India,1
India,1
India,1
India,1
India,1
India,1
India,1
India,1
India,1
India,1
India,1
India,1
India,1
India,1
India,1
India,1
India,1
India,1
India,1
India,1
India,1
India,1
India,1
India,1
India,1
India,1
India,1
India,1
India,1
India,1
India,1
India,1
India,1
India,1
India,1
India,1
India,1
India,1
India,1
India,1
India,1
India,1
India,1
India,1
India,1
India,1
India,1
India,1
India,1
India,1
India,1
India,1
India,1
India,1
India,1
India,1
India,1
India,1
India,1
India,1
India,1
India,1
India,1
India,1
India,1
India,1
India,1
India,1
India,1
India,1
India,1
India,1
India,1
India,1
India,1
India,1
India,1
India,1
India,1
India,1
India,1
India,1
India,1
India,1
India,1
India,1
India,1
India,1
India,1
India,1
India,1
India,1
India,1
India,1
India,1
India,1
India,1
India,1
India,1
India,1
India,1
India,1
India,1
India,1
India,1
India,1
India,1
India,1
India,1
India,1
India,1
India,1
India,1
India,1
India,1
India,1
India,1
India,1
India,1
India,1
India,1
India,1
India,1
India,1
India,1
India,1
India,1
India,1
India,1
India,1
India,1
India,1
India,1
India,1
India,1
India,1
India,1
India,1
India,1
India,1
India,1
India,1
India,1
India,1
India,1
India,1
India,1
India,1
India,1
India,1
India,1
India,1
India,1
India,1
India,1
India,1
India,1
India,1
India,1
India,1
India,1
India,1
India,1
India,1
India,1
India,1
India,1
India,1
India,1
India,1
India,1
India,1
India,1
India,1
India,1
India,1
India,1
India,1
India,1
India,1
India,1
India,1
India,1
India,1
India,1
India,1
India,1
India,1
India,1
India,1
India,1
India,1
India,1
India,1
India,1
India,1
India,1
India,1
India,1
India,1
India,1
India,1
India,1
India,1
India,1
India,1
India,1
India,1
India,1
India,1
India,1
India,1
India,1
India,1
India,1
India,1
India,1
India,1
India,1
India,1
India,1
India,1
India,1
India,1
India,1
India,1
India,1
India,1
India,1
India,1
India,1
India,1
India,1
India,1
India,1
India,1
India,1
India,1
India,1
India,1
India,1
India,1
India,1
India,1
India,1
India,1
India,1
India,1
India,1
India,1
India,1
India,1
India,1
India,1
India,1
India,1
India,1
India,1
India,1
India,1
India,1
India,1
India,1
India,1
India,1
India,1
India,1
India,1
India,1
India,1
India,1
India,1
India,1
India,1
India,1
India,1
India,1
India,1
India,1
India,1
India,1
India,1
India,1
India,1
India,1
India,1
India,1
India,1
India,1
India,1
India,1
India,1
India,1
India,1
India,1
India,1
India,1
India,1
India,1
India,1
India,1
India,1
India,1
India,1
India,1
India,1
India,1
India,1
India,1
India,1
India,1
India,1
India,1
India,1
India,1
India,1
India,1
India,1
India,1
India,1
India,1
India,1
India,1
India,1
India,1
India,1
India,1
India,1
India,1
India,1
India,1
India,1
India,1
India,1
India,1
India,1
India,1
India,1
India,1
India,1
India,1
India,1
India,1
India,1
India,1
India,1
India,1
India,1
India,1
India,1
India,1
India,1
India,1
India,1
India,1
India,1
India,1
India,1
India,1
India,1
India,1
India,1
India,1
India,1
India,1
India,1
India,1
India,1
India,1
India,1
India,1
India,1
India,1
India,1
India,1
India,1
India,1
India,1
India,1
India,1
India,1
India,1
India,1
India,1
India,1
India,1
India,1
India,1
India,1
India,1
India,1
India,1
India,1
India,1
India,1
India,1
India,1
India,1
India,1
India,1
India,1
India,1
India,1
India,1
India,1
India,1
India,1
India,1
India,1
India,1
India,1
India,1
India,1
India,1
India,1
India,1
India,1
India,1
India,1
India,1
India,1
India,1
India,1
India,1
India,1
India,1
India,1
India,1
India,1
India,1
India,1
India,1
India,1
India,1
India,1
India,1
India,1
India,1
India,1
India,1
India,1
India,1
India,1
India,1
India,1
India,1
India,1
India,1
India,1
India,1
India,1
India,1
India,1
India,1
India,1
India,1
India,1
India,1
India,1
India,1
India,1
India,1
India,1
India,1
India,1
India,1
India,1
India,1
India,1
India,1
India,1
India,1
India,1
India,1
India,1
India,1
India,1
India,1
India,1
India,1
India,1
India,1
India,1
India,1
India,1
India,1
India,1
India,1
India,1
India,1
India,1
India,1
India,1
India,1
India,1
India,1
India,1
India,1
India,1
India,1
India,1
India,1
India,1
India,1
India,1
India,1
India,1
India,1
India,1
India,1
India,1
India,1
India,1
India,1
India,1
India,1
India,1
India,1
India,1
India,1
India,1
India,1
India,1
India,1
India,1
India,1
India,1
India,1
India,1
India,1
India,1
India,1
India,1
India,1
India,1
India,1
India,1
India,1
India,1
India,1
India,1
India,1
India,1
India,1
India,1
India,1
India,1
India,1
India,1
India,1
India,1
India,1
India,1
India,1
India,1
India,1
India,1
India,1
India,1
India,1
India,1
India,1
India,1
India,1
India,1
India,1
India,1
India,1
India,1
India,1
India,1
India,1
India,1
India,1
India,1
India,1
India,1
India,1
India,1
India,1
India,1
India,1
India,1
India,1
India,1
India,1
India,1
India,1
India,1
India,1
India,1
India,1
India,1
India,1
India,1
India,1
India,1
India,1
India,1
India,1
India,1
India,1
India,1
India,1
India,1
India,1
India,1
India,1
India,1
India,1
India,1
India,1
India,1
India,1
India,1
India,1
India,1
India,1
India,1
India,1
India,1
India,1
India,1
India,1
India,1
India,1
India,1
India,1
India,1
India,1
India,1
India,1
India,1
India,1
India,1
India,1
India,1
India,1
India,1
India,1
India,1
India,1
India,1
India,1
India,1
India,1
India,1
India,1
India,1
India,1
India,1
India,1
India,1
India,1
India,1
India,1
India,1
India,1
India,1
India,1
India,1
India,1
India,1
India,1
India,1
India,1
India,1
India,1
India,1
India,1
India,1
India,1
India,1
India,1
India,1
India,1
India,1
India,1
India,1
India,1
India,1
India,1
India,1
India,1
India,1
India,1
India,1
India,1
India,1
India,1
India,1
India,1
India,1
India,1
India,1
India,1
India,1
India,1
India,1
India,1
India,1
India,1
India,1
India,1
India,1
India,1
India,1
India,1
India,1
India,1
India,1
India,1
India,1
India,1
India,1
India,1
India,1
India,1
India,1
India,1
India,1
India,1
India,1
India,1
India,1
India,1
India,1
India,1
India,1
India,1
India,1
India,1
India,1
India,1
India,1
India,1
India,1
India,1
India,1
India,1
India,1
India,1
India,1
India,1
India,1
India,1
India,1
India,1
India,1
India,1
India,1
India,1
India,1
India,1
India,1
India,1
India,1
India,1
India,1
India,1
India,1
India,1
India,1
India,1
India,1
India,1
India,1
India,1
India,1
India,1
India,1
India,1
India,1
India,1
India,1
India,1
India,1
India,1
India,1
India,1
India,1
India,1
India,1
India,1
India,1
India,1
India,1
India,1
India,1
India,1
India,1
India,1
India,1
India,1
India,1
India,1
India,1
India,1
India,1
India,1
India,1
India,1
India,1
India,1
India,1
India,1
India,1
India,1
India,1
India,1
India,1
India,1
India,1
India,1
India,1
India,1
India,1
India,1
India,1
India,1
India,1
India,1
India,1
India,1
India,1
India,1
India,1
India,1
India,1
India,1
India,1
India,1
India,1
India,1
India,1
India,1
India,1
India,1
India,1
India,1
India,1
India,1
India,1
India,1
India,1
India,1
India,1
India,1
India,1
India,1
India,1
India,1
India,1
India,1
India,1
India,1
India,1
India,1
India,1
India,1
India,1
India,1
India,1
India,1
India,1
India,1
India,1
India,1
India,1
India,1
India,1
India,1
India,1
India,1
India,1
India,1
India,1
India,1
India,1
India,1
India,1
India,1
India,1
India,1
India,1
India,1
India,1
India,1
India,1
India,1
India,1
India,1
India,1
India,1
India,1
India,1
India,1
India,1
India,1
India,1
India,1
India,1
India,1
India,1
India,1
India,1
India,1
India,1
India,1
India,1
India,1
India,1
India,1
India,1
India,1
India,1
India,1
India,1
India,1
India,1
India,1
India,1
India,1
India,1
India,1
India,1
India,1
India,1
India,1
India,1
India,1
India,1
India,1
India,1
India,1
India,1
India,1
India,1
India,1
India,1
India,1
India,1
India,1
India,1
India,1
India,1
India,1
India,1
India,1
India,1
India,1
India,1
India,1
India,1
India,1
India,1
India,1
India,1
India,1
India,1
India,1
India,1
India,1
India,1
India,1
India,1
India,1
India,1
India,1
India,1
India,1
India,1
India,1
India,1
India,1
India,1
India,1
India,1
India,1
India,1
India,1
India,1
India,1
India,1
India,1
India,1
India,1
India,1
India,1
India,1
India,1
India,1
India,1
India,1
India,1
India,1
India,1
India,1
India,1
India,1
India,1
India,1
India,1
India,1
India,1
India,1
India,1
India,1
India,1
India,1
India,1
India,1
India,1
India,1
India,1
India,1
India,1
India,1
India,1
India,1
India,1
India,1
India,1
India,1
India,1
India,1
India,1
India,1
India,1
India,1
India,1
India,1
India,1
India,1
India,1
India,1
India,1
India,1
India,1
India,1
India,1
India,1
India,1
India,1
India,1
India,1
India,1
India,1
India,1
India,1
India,1
India,1
India,1
India,1
India,1
India,1
India,1
India,1
India,1
India,1
India,1
India,1
India,1
India,1
India,1
India,1
India,1
India,1
India,1
India,1
India,1
India,1
India,1
India,1
India,1
India,1
India,1
India,1
India,1
India,1
India,1
India,1
India,1
India,1
India,1
India,1
India,1
India,1
India,1
India,1
India,1
India,1
India,1
India,1
India,1
India,1
India,1
India,1
India,1
India,1
India,1
India,1
India,1
India,1
India,1
India,1
India,1
India,1
India,1
India,1
India,1
India,1
India,1
India,1
India,1
India,1
India,1
India,1
India,1
India,1
India,1
India,1
India,1
India,1
India,1
India,1
India,1
India,1
India,1
India,1
India,1
India,1
India,1
India,1
India,1
India,1
India,1
India,1
India,1
India,1
India,1
India,1
India,1
India,1
India,1
India,1
India,1
India,1
India,1
India,1
India,1
India,1
India,1
India,1
India,1
India,1
India,1
India,1
India,1
India,1
India,1
India,1
India,1
India,1
India,1
India,1
India,1
India,1
India,1
India,1
India,1
India,1
India,1
India,1
India,1
India,1
India,1
India,1
India,1
India,1
India,1
India,1
India,1
India,1
India,1
India,1
India,1
India,1
India,1
India,1
India,1
India,1
India,1
India,1
India,1
India,1
India,1
India,1
India,1
India,1
India,1
India,1
India,1
India,1
India,1
India,1
India,1
India,1
India,1
India,1
India,1
India,1
India,1
India,1
India,1
India,1
India,1
India,1
India,1
India,1
India,1
India,1
India,1
India,1
India,1
India,1
India,1
India,1
India,1
India,1
India,1
India,1
India,1
India,1
India,1
India,1
India,1
India,1
India,1
India,1
India,1
India,1
India,1
India,1
India,1
India,1
India,1
India,1
India,1
India,1
India,1
India,1
India,1
India,1
India,1
India,1
India,1
India,1
India,1
India,1
India,1
India,1
India,1
India,1
India,1
India,1
India,1
India,1
India,1
India,1
India,1
India,1
India,1
India,1
India,1
India,1
India,1
India,1
India,1
India,1
India,1
India,1
India,1
India,1
India,1
India,1
India,1
India,1
India,1
India,1
India,1
India,1
India,1
India,1
India,1
India,1
India,1
India,1
India,1
India,1
India,1
India,1
India,1
India,1
India,1
India,1
India,1
India,1
India,1
India,1
India,1
India,1
India,1
India,1
India,1
India,1
India,1
India,1
India,1
India,1
India,1
India,1
India,1
India,1
India,1
India,1
India,1
India,1
India,1
India,1
India,1
India,1
India,1
India,1
India,1
India,1
India,1
India,1
India,1
India,1
India,1
India,1
India,1
India,1
India,1
India,1
India,1
India,1
India,1
India,1
India,1
India,1
India,1
India,1
India,1
India,1
India,1
India,1
India,1
India,1
India,1
India,1
India,1
India,1
India,1
India,1
India,1
India,1
India,1
India,1
India,1
India,1
India,1
India,1
India,1
India,1
India,1
India,1
India,1
India,1
India,1
India,1
India,1
India,1
India,1
India,1
India,1
India,1
India,1
India,1
India,1
India,1
India,1
India,1
India,1
India,1
India,1
India,1
India,1
India,1
India,1
India,1
India,1
India,1
India,1
India,1
India,1
India,1
India,1
India,1
India,1
India,1
India,1
India,1
India,1
India,1
India,1
India,1
India,1
India,1
India,1
India,1
India,1
India,1
India,1
India,1
India,1
India,1
India,1
India,1
India,1
India,1
India,1
India,1
India,1
India,1
India,1
India,1
India,1
India,1
India,1
India,1
India,1
India,1
India,1
India,1
India,1
India,1
India,1
India,1
India,1
India,1
India,1
India,1
India,1
India,1
India,1
India,1
India,1
India,1
India,1
India,1
India,1
India,1
India,1
India,1
India,1
India,1
India,1
India,1
India,1
India,1
India,1
India,1
India,1
India,1
India,1
India,1
India,1
India,1
India,1
India,1
India,1
India,1
India,1
India,1
India,1
India,1
India,1
India,1
India,1
India,1
India,1
India,1
India,1
India,1
India,1
India,1
India,1
India,1
India,1
India,1
India,1
India,1
India,1
India,1
India,1
India,1
India,1
India,1
India,1
India,1
India,1
India,1
India,1
India,1
India,1
India,1
India,1
India,1
India,1
India,1
India,1
India,1
India,1
India,1
India,1
India,1
India,1
India,1
India,1
India,1
India,1
India,1
India,1
India,1
India,1
India,1
India,1
India,1
India,1
India,1
India,1
India,1
India,1
India,1
India,1
India,1
India,1
India,1
India,1
India,1
India,1
India,1
India,1
India,1
India,1
India,1
India,1
India,1
India,1
India,1
India,1
India,1
India,1
India,1
India,1
India,1
India,1
India,1
India,1
India,1
India,1
India,1
India,1
India,1
India,1
India,1
India,1
India,1
India,1
India,1
India,1
India,1
India,1
India,1
India,1
India,1
India,1
India,1
India,1
India,1
India,1
India,1
India,1
India,1
India,1
India,1
India,1
India,1
India,1
India,1
India,1
India,1
India,1
India,1
India,1
India,1
India,1
India,1
India,1
India,1
India,1
India,1
India,1
India,1
India,1
India,1
India,1
India,1
India,1
India,1
India,1
India,1
India,1
India,1
India,1
India,1
India,1
India,1
India,1
India,1
India,1
India,1
India,1
India,1
India,1
India,1
India,1
India,1
India,1
India,1
India,1
India,1
India,1
India,1
India,1
India,1
India,1
India,1
India,1
India,1
India,1
India,1
India,1
India,1
India,1
India,1
India,1
India,1
India,1
India,1
India,1
India,1
India,1
India,1
India,1
India,1
India,1
India,1
India,1
India,1
India,1
India,1
India,1
India,1
India,1
India,1
India,1
India,1
India,1
India,1
India,1
India,1
India,1
India,1
India,1
India,1
India,1
India,1
India,1
India,1
India,1
India,1
India,1
India,1
India,1
India,1
India,1
India,1
India,1
India,1
India,1
India,1
India,1
India,1
India,1
India,1
India,1
India,1
India,1
India,1
India,1
India,1
India,1
India,1
India,1
India,1
India,1
India,1
India,1
India,1
India,1
India,1
India,1
India,1
India,1
India,1
India,1
India,1
India,1
India,1
India,1
India,1
India,1
India,1
India,1
India,1
India,1
India,1
India,1
India,1
India,1
India,1
India,1
India,1
India,1
India,1
India,1
India,1
India,1
India,1
India,1
India,1
India,1
India,1
India,1
India,1
India,1
India,1
India,1
India,1
India,1
India,1
India,1
India,1
India,1
India,1
India,1
India,1
India,1
India,1
India,1
India,1
India,1
India,1
India,1
India,1
India,1
India,1
India,1
India,1
India,1
India,1
India,1
India,1
India,1
India,1
India,1
India,1
India,1
India,1
India,1
India,1
India,1
India,1
India,1
India,1
India,1
India,1
India,1
India,1
India,1
India,1
India,1
India,1
India,1
India,1
India,1
India,1
India,1
India,1
India,1
India,1
India,1
India,1
India,1
India,1
India,1
India,1
India,1
India,1
India,1
India,1
India,1
India,1
India,1
India,1
India,1
India,1
India,1
India,1
India,1
India,1
India,1
India,1
India,1
India,1
India,1
India,1
India,1
India,1
India,1
India,1
India,1
India,1
India,1
India,1
India,1
India,1
India,1
India,1
India,1
India,1
India,1
India,1
India,1
India,1
India,1
India,1
India,1
India,1
India,1
India,1
India,1
India,1
India,1
India,1
India,1
India,1
India,1
India,1
India,1
India,1
India,1
India,1
India,1
India,1
India,1
India,1
India,1
India,1
India,1
India,1
India,1
India,1
India,1
India,1
India,1
India,1
India,1
India,1
India,1
India,1
India,1
India,1
India,1
India,1
India,1
India,1
India,1
India,1
India,1
India,1
India,1
India,1
India,1
India,1
India,1
India,1
India,1
India,1
India,1
India,1
India,1
India,1
India,1
India,1
India,1
India,1
India,1
India,1
India,1
India,1
India,1
India,1
India,1
India,1
India,1
India,1
India,1
India,1
India,1
India,1
India,1
India,1
India,1
India,1
India,1
India,1
India,1
India,1
India,1
India,1
India,1
India,1
India,1
India,1
India,1
India,1
India,1
India,1
India,1
India,1
India,1
India,1
India,1
India,1
India,1
India,1
India,1
India,1
India,1
India,1
India,1
India,1
India,1
India,1
India,1
India,1
India,1
India,1
India,1
India,1
India,1
India,1
India,1
India,1
India,1
India,1
India,1
India,1
India,1
India,1
India,1
India,1
India,1
India,1
India,1
India,1
India,1
India,1
India,1
India,1
India,1
India,1
India,1
India,1
India,1
India,1
India,1
India,1
India,1
India,1
India,1
India,1
India,1
India,1
India,1
India,1
India,1
India,1
India,1
India,1
India,1
India,1
India,1
India,1
India,1
India,1
India,1
India,1
India,1
India,1
India,1
India,1
India,1
India,1
India,1
India,1
India,1
India,1
India,1
India,1
India,1
India,1
India,1
India,1
India,1
India,1
India,1
India,1
India,1
India,1
India,1
India,1
India,1
India,1
India,1
India,1
India,1
India,1
India,1
India,1
India,1
India,1
India,1
India,1
India,1
India,1
India,1
India,1
India,1
India,1
India,1
India,1
India,1
India,1
India,1
India,1
India,1
India,1
India,1
India,1
India,1
India,1
India,1
India,1
India,1
India,1
India,1
India,1
India,1
India,1
India,1
India,1
India,1
India,1
India,1
India,1
India,1
India,1
India,1
India,1
India,1
India,1
India,1
India,1
India,1
India,1
India,1
India,1
India,1
India,1
India,1
India,1
India,1
India,1
India,1
India,1
India,1
India,1
India,1
India,1
India,1
India,1
India,1
India,1
India,1
India,1
India,1
India,1
India,1
India,1
India,1
India,1
India,1
India,1
India,1
India,1
India,1
India,1
India,1
India,1
India,1
India,1
India,1
India,1
India,1
India,1
India,1
India,1
India,1
India,1
India,1
India,1
India,1
India,1
India,1
India,1
India,1
India,1
India,1
India,1
India,1
India,1
India,1
India,1
India,1
India,1
India,1
India,1
India,1
India,1
India,1
India,1
India,1
India,1
India,1
India,1
India,1
India,1
India,1
India,1
India,1
India,1
India,1
India,1
India,1
India,1
India,1
India,1
India,1
India,1
India,1
India,1
India,1
India,1
India,1
India,1
India,1
India,1
India,1
India,1
India,1
India,1
India,1
India,1
India,1
India,1
India,1
India,1
India,1
India,1
India,1
India,1
India,1
India,1
India,1
India,1
India,1
India,1
India,1
India,1
India,1
India,1
India,1
India,1
India,1
India,1
India,1
India,1
India,1
India,1
India,1
India,1
India,1
India,1
India,1
India,1
India,1
India,1
India,1
India,1
India,1
India,1
India,1
India,1
India,1
India,1
India,1
India,1
India,1
India,1
India,1
India,1
India,1
India,1
India,1
India,1
India,1
India,1
India,1
India,1
India,1
India,1
India,1
India,1
India,1
India,1
India,1
India,1
India,1
India,1
India,1
India,1
India,1
India,1
India,1
India,1
India,1
India,1
India,1
India,1
India,1
India,1
India,1
India,1
India,1
India,1
India,1
India,1
India,1
India,1
India,1
India,1
India,1
India,1
India,1
India,1
India,1
India,1
India,1
India,1
India,1
India,1
India,1
India,1
India,1
India,1
India,1
India,1
India,1
India,1
India,1
India,1
India,1
India,1
India,1
India,1
India,1
India,1
India,1
India,1
India,1
India,1
India,1
India,1
India,1
India,1
India,1
India,1
India,1
India,1
India,1
India,1
India,1
India,1
India,1
India,1
India,1
India,1
India,1
India,1
India,1
India,1
India,1
India,1
India,1
India,1
India,1
India,1
India,1
India,1
India,1
India,1
India,1
India,1
India,1
India,1
India,1
India,1
India,1
India,1
India,1
India,1
India,1
India,1
India,1
India,1
India,1
India,1
India,1
India,1
India,1
India,1
India,1
India,1
India,1
India,1
India,1
India,1
India,1
India,1
India,1
India,1
India,1
India,1
India,1
India,1
India,1
India,1
India,1
India,1
India,1
India,1
India,1
India,1
India,1
India,1
India,1
India,1
India,1
India,1
India,1
India,1
India,1
India,1
India,1
India,1
India,1
India,1
India,1
India,1
India,1
India,1
India,1
India,1
India,1
India,1
India,1
India,1
India,1
India,1
India,1
India,1
India,1
India,1
India,1
India,1
India,1
India,1
India,1
India,1
India,1
India,1
India,1
India,1
India,1
India,1
India,1
India,1
India,1
India,1
India,1
India,1
India,1
India,1
India,1
India,1
India,1
India,1
India,1
India,1
India,1
India,1
India,1
India,1
India,1
India,1
India,1
India,1
India,1
India,1
India,1
India,1
India,1
India,1
India,1
India,1
India,1
India,1
India,1
India,1
India,1
India,1
India,1
India,1
India,1
India,1
India,1
India,1
India,1
India,1
India,1
India,1
India,1
India,1
India,1
India,1
India,1
India,1
India,1
India,1
India,1
India,1
India,1
India,1
India,1
India,1
India,1
India,1
India,1
India,1
India,1
India,1
India,1
India,1
India,1
India,1
India,1
India,1
India,1
India,1
India,1
India,1
India,1
India,1
India,1
India,1
India,1
India,1
India,1
India,1
India,1
India,1
India,1
India,1
India,1
India,1
India,1
India,1
India,1
India,1
India,1
India,1
India,1
India,1
India,1
India,1
India,1
India,1
India,1
India,1
India,1
India,1
India,1
India,1
India,1
India,1
India,1
India,1
India,1
India,1
India,1
India,1
India,1
India,1
India,1
India,1
India,1
India,1
India,1
India,1
India,1
India,1
India,1
India,1
India,1
India,1
India,1
India,1
India,1
India,1
India,1
India,1
India,1
India,1
India,1
India,1
India,1
India,1
India,1
India,1
India,1
India,1
India,1
India,1
India,1
India,1
India,1
India,1
India,1
India,1
India,1
India,1
India,1
India,1
India,1
India,1
India,1
India,1
India,1
India,1
India,1
India,1
India,1
India,1
India,1
India,1
India,1
India,1
India,1
India,1
India,1
India,1
India,1
India,1
India,1
India,1
India,1
India,1
India,1
India,1
India,1
India,1
India,1
India,1
India,1
India,1
India,1
India,1
India,1
India,1
India,1
India,1
India,1
India,1
India,1
India,1
India,1
India,1
India,1
India,1
India,1
India,1
India,1
India,1
India,1
India,1
India,1
India,1
India,1
India,1
India,1
India,1
India,1
India,1
India,1
India,1
India,1
India,1
India,1
India,1
India,1
India,1
India,1
India,1
India,1
India,1
India,1
India,1
India,1
India,1
India,1
India,1
India,1
India,1
India,1
India,1
India,1
India,1
India,1
India,1
India,1
India,1
India,1
India,1
India,1
India,1
India,1
India,1
India,1
India,1
India,1
India,1
India,1
India,1
India,1
India,1
India,1
India,1
India,1
India,1
India,1
India,1
India,1
India,1
India,1
India,1
India,1
India,1
India,1
India,1
India,1
India,1
India,1
India,1
India,1
India,1
India,1
India,1
India,1
India,1
India,1
India,1
India,1
India,1
India,1
India,1
India,1
India,1
India,1
India,1
India,1
India,1
India,1
India,1
India,1
India,1
India,1
India,1
India,1
India,1
India,1
India,1
India,1
India,1
India,1
India,1
India,1
India,1
India,1
India,1
India,1
India,1
India,1
India,1
India,1
India,1
India,1
India,1
India,1
India,1
India,1
India,1
India,1
India,1
India,1
India,1
India,1
India,1
India,1
India,1
India,1
India,1
India,1
India,1
India,1
India,1
India,1
India,1
India,1
India,1
India,1
India,1
India,1
India,1
India,1
India,1
India,1
India,1
India,1
India,1
India,1
India,1
India,1
India,1
India,1
India,1
India,1
India,1
India,1
India,1
India,1
India,1
India,1
India,1
India,1
India,1
India,1
India,1
India,1
India,1
India,1
India,1
India,1
India,1
India,1
India,1
India,1
India,1
India,1
India,1
India,1
India,1
India,1
India,1
India,1
India,1
India,1
India,1
India,1
India,1
India,1
India,1
India,1
India,1
India,1
India,1
India,1
India,1
India,1
India,1
India,1
India,1
India,1
India,1
India,1
India,1
India,1
India,1
India,1
India,1
India,1
India,1
India,1
India,1
India,1
India,1
India,1
India,1
India,1
India,1
India,1
India,1
India,1
India,1
India,1
India,1
India,1
India,1
India,1
India,1
India,1
India,1
India,1
India,1
India,1
India,1
India,1
India,1
India,1
India,1
India,1
India,1
India,1
India,1
India,1
India,1
India,1
India,1
India,1
India,1
India,1
India,1
India,1
India,1
India,1
India,1
India,1
India,1
India,1
India,1
India,1
India,1
India,1
India,1
India,1
India,1
India,1
India,1
India,1
India,1
India,1
India,1
India,1
India,1
India,1
India,1
India,1
India,1
India,1
India,1
India,1
India,1
India,1
India,1
India,1
India,1
India,1
India,1
India,1
India,1
India,1
India,1
India,1
India,1
India,1
India,1
India,1
India,1
India,1
India,1
India,1
India,1
India,1
India,1
India,1
India,1
India,1
India,1
India,1
India,1
India,1
India,1
India,1
India,1
India,1
India,1
India,1
India,1
India,1
India,1
India,1
India,1
India,1
India,1
India,1
India,1
India,1
India,1
India,1
India,1
India,1
India,1
India,1
India,1
India,1
India,1
India,1
India,1
India,1
India,1
India,1
India,1
India,1
India,1
India,1
India,1
India,1
India,1
India,1
India,1
India,1
India,1
India,1
India,1
India,1
India,1
India,1
India,1
India,1
India,1
India,1
India,1
India,1
India,1
India,1
India,1
India,1
India,1
India,1
India,1
India,1
India,1
India,1
India,1
India,1
India,1
India,1
India,1
India,1
India,1
India,1
India,1
India,1
India,1
India,1
India,1
India,1
India,1
India,1
India,1
India,1
India,1
India,1
India,1
India,1
India,1
India,1
India,1
India,1
India,1
India,1
India,1
India,1
India,1
India,1
India,1
India,1
India,1
India,1
India,1
India,1
India,1
India,1
India,1
India,1
India,1
India,1
India,1
India,1
India,1
India,1
India,1
India,1
India,1
India,1
India,1
India,1
India,1
India,1
India,1
India,1
India,1
India,1
India,1
India,1
India,1
India,1
India,1
India,1
India,1
India,1
India,1
India,1
India,1
India,1
India,1
India,1
India,1
India,1
India,1
India,1
India,1
India,1
India,1
India,1
India,1
India,1
India,1
India,1
India,1
India,1
India,1
India,1
India,1
India,1
India,1
India,1
India,1
India,1
India,1
India,1
India,1
India,1
India,1
India,1
India,1
India,1
India,1
India,1
India,1
India,1
India,1
India,1
India,1
India,1
India,1
India,1
India,1
India,1
India,1
India,1
India,1
India,1
India,1
India,1
India,1
India,1
India,1
India,1
India,1
India,1
India,1
India,1
India,1
India,1
India,1
India,1
India,1
India,1
India,1
India,1
India,1
India,1
India,1
India,1
India,1
India,1
India,1
India,1
India,1
India,1
India,1
India,1
India,1
India,1
India,1
India,1
India,1
India,1
India,1
India,1
India,1
India,1
India,1
India,1
India,1
India,1
India,1
India,1
India,1
India,1
India,1
India,1
India,1
India,1
India,1
India,1
India,1
India,1
India,1
India,1
India,1
India,1
India,1
India,1
India,1
India,1
India,1
India,1
India,1
India,1
India,1
India,1
India,1
India,1
India,1
India,1
India,1
India,1
India,1
India,1
India,1
India,1
India,1
India,1
India,1
India,1
India,1
India,1
India,1
India,1
India,1
India,1
India,1
India,1
India,1
India,1
India,1
India,1
India,1
India,1
India,1
India,1
India,1
India,1
India,1
India,1
India,1
India,1
India,1
India,1
India,1
India,1
India,1
India,1
India,1
India,1
India,1
India,1
India,1
India,1
India,1
India,1
India,1
India,1
India,1
India,1
India,1
India,1
India,1
India,1
India,1
India,1
India,1
India,1
India,1
India,1
India,1
India,1
India,1
India,1
India,1
India,1
India,1
India,1
India,1
India,1
India,1
India,1
India,1
India,1
India,1
India,1
India,1
India,1
India,1
India,1
India,1
India,1
India,1
India,1
India,1
India,1
India,1
India,1
India,1
India,1
India,1
India,1
India,1
India,1
India,1
India,1
India,1
India,1
India,1
India,1
India,1
India,1
India,1
India,1
India,1
India,1
India,1
India,1
India,1
India,1
India,1
India,1
India,1
India,1
India,1
India,1
India,1
India,1
India,1
India,1
India,1
India,1
India,1
India,1
India,1
India,1
India,1
India,1
India,1
India,1
India,1
India,1
India,1
India,1
India,1
India,1
India,1
India,1
India,1
India,1
India,1
India,1
India,1
India,1
India,1
India,1
India,1
India,1
India,1
India,1
India,1
India,1
India,1
India,1
India,1
India,1
India,1
India,1
India,1
India,1
India,1
India,1
India,1
India,1
India,1
India,1
India,1
India,1
India,1
India,1
India,1
India,1
India,1
India,1
India,1
India,1
India,1
India,1
India,1
India,1
India,1
India,1
India,1
India,1
India,1
India,1
India,1
India,1
India,1
India,1
India,1
India,1
India,1
India,1
India,1
India,1
India,1
India,1
India,1
India,1
India,1
India,1
India,1
India,1
India,1
India,1
India,1
India,1
India,1
India,1
India,1
India,1
India,1
India,1
India,1
India,1
India,1
India,1
India,1
India,1
India,1
India,1
India,1
India,1
India,1
India,1
India,1
India,1
India,1
India,1
India,1
India,1
India,1
India,1
India,1
India,1
India,1
India,1
India,1
India,1
India,1
India,1
India,1
India,1
India,1
India,1
India,1
India,1
India,1
India,1
India,1
India,1
India,1
India,1
India,1
India,1
India,1
India,1
India,1
India,1
India,1
India,1
India,1
India,1
India,1
India,1
India,1
India,1
India,1
India,1
India,1
India,1
India,1
India,1
India,1
India,1
India,1
India,1
India,1
India,1
India,1
India,1
India,1
India,1
India,1
India,1
India,1
India,1
India,1
India,1
India,1
India,1
India,1
India,1
India,1
India,1
India,1
India,1
India,1
India,1
India,1
India,1
India,1
India,1
India,1
India,1
India,1
India,1
India,1
India,1
India,1
India,1
India,1
India,1
India,1
India,1
India,1
India,1
India,1
India,1
India,1
India,1
India,1
India,1
India,1
India,1
India,1
India,1
India,1
India,1
India,1
India,1
India,1
India,1
India,1
India,1
India,1
India,1
India,1
India,1
India,1
India,1
India,1
India,1
India,1
India,1
India,1
India,1
India,1
India,1
India,1
India,1
India,1
India,1
India,1
India,1
India,1
India,1
India,1
India,1
India,1
India,1
India,1
India,1
India,1
India,1
India,1
India,1
India,1
India,1
India,1
India,1
India,1
India,1
India,1
India,1
India,1
India,1
India,1
India,1
India,1
India,1
India,1
India,1
India,1
India,1
India,1
India,1
India,1
India,1
India,1
India,1
India,1
India,1
India,1
India,1
India,1
India,1
India,1
India,1
India,1
India,1
India,1
India,1
India,1
India,1
India,1
India,1
India,1
India,1
India,1
India,1
India,1
India,1
India,1
India,1
India,1
India,1
India,1
India,1
India,1
India,1
India,1
India,1
India,1
India,1
India,1
India,1
India,1
India,1
India,1
India,1
India,1
India,1
India,1
India,1
India,1
India,1
India,1
India,1
India,1
India,1
India,1
India,1
India,1
India,1
India,1
India,1
India,1
India,1
India,1
India,1
India,1
India,1
India,1
India,1
India,1
India,1
India,1
India,1
India,1
India,1
India,1
India,1
India,1
India,1
India,1
India,1
India,1
India,1
India,1
India,1
India,1
India,1
India,1
India,1
India,1
India,1
India,1
India,1
India,1
India,1
India,1
India,1
India,1
India,1
India,1
India,1
India,1
India,1
India,1
India,1
India,1
India,1
India,1
India,1
India,1
India,1
India,1
India,1
India,1
India,1
India,1
India,1
India,1
India,1
India,1
India,1
India,1
India,1
India,1
India,1
India,1
India,1
India,1
India,1
India,1
India,1
India,1
India,1
India,1
India,1
India,1
India,1
India,1
India,1
India,1
India,1
India,1
India,1
India,1
India,1
India,1
India,1
India,1
India,1
India,1
India,1
India,1
India,1
India,1
India,1
India,1
India,1
India,1
India,1
India,1
India,1
India,1
India,1
India,1
India,1
India,1
India,1
India,1
India,1
India,1
India,1
India,1
India,1
India,1
India,1
India,1
India,1
India,1
India,1
India,1
India,1
India,1
India,1
India,1
India,1
India,1
India,1
India,1
India,1
India,1
India,1
India,1
India,1
India,1
India,1
India,1
India,1
India,1
India,1
India,1
India,1
India,1
India,1
India,1
India,1
India,1
India,1
India,1
India,1
India,1
India,1
India,1
India,1
India,1
India,1
India,1
India,1
India,1
India,1
India,1
India,1
India,1
India,1
India,1
India,1
India,1
India,1
India,1
India,1
India,1
India,1
India,1
India,1
India,1
India,1
India,1
India,1
India,1
India,1
India,1
India,1
India,1
India,1
India,1
India,1
India,1
India,1
India,1
India,1
India,1
India,1
India,1
India,1
India,1
India,1
India,1
India,1
India,1
India,1
India,1
India,1
India,1
India,1
India,1
India,1
India,1
India,1
India,1
India,1
India,1
India,1
India,1
India,1
India,1
India,1
India,1
India,1
India,1
India,1
India,1
India,1
India,1
India,1
India,1
India,1
India,1
India,1
India,1
India,1
India,1
India,1
India,1
India,1
India,1
India,1
India,1
India,1
India,1
India,1
India,1
India,1
India,1
India,1
India,1
India,1
India,1
India,1
India,1
India,1
India,1
India,1
India,1
India,1
India,1
India,1
India,1
India,1
India,1
India,1
India,1
India,1
India,1
India,1
India,1
India,1
India,1
India,1
India,1
India,1
India,1
India,1
India,1
India,1
India,1
India,1
India,1
India,1
India,1
India,1
India,1
India,1
India,1
India,1
India,1
India,1
India,1
India,1
India,1
India,1
India,1
India,1
India,1
India,1
India,1
India,1
India,1
India,1
India,1
India,1
India,1
India,1
India,1
India,1
India,1
India,1
India,1
India,1
India,1
India,1
India,1
India,1
India,1
India,1
India,1
India,1
India,1
India,1
India,1
India,1
India,1
India,1
India,1
India,1
India,1
India,1
India,1
India,1
India,1
India,1
India,1
India,1
India,1
India,1
India,1
India,1
India,1
India,1
India,1
India,1
India,1
India,1
India,1
India,1
India,1
India,1
India,1
India,1
India,1
India,1
India,1
India,1
India,1
India,1
India,1
India,1
India,1
India,1
India,1
India,1
India,1
India,1
India,1
India,1
India,1
India,1
India,1
India,1
India,1
India,1
India,1
India,1
India,1
India,1
India,1
India,1
India,1
India,1
India,1
India,1
India,1
India,1
India,1
India,1
India,1
India,1
India,1
India,1
India,1
India,1
India,1
India,1
India,1
India,1
India,1
India,1
India,1
India,1
India,1
India,1
India,1
India,1
India,1
India,1
India,1
India,1
India,1
India,1
India,1
India,1
India,1
India,1
India,1
India,1
India,1
India,1
India,1
India,1
India,1
India,1
India,1
India,1
India,1
India,1
India,1
India,1
India,1
India,1
India,1
India,1
India,1
India,1
India,1
India,1
India,1
India,1
India,1
India,1
India,1
India,1
India,1
India,1
India,1
India,1
India,1
India,1
India,1
India,1
India,1
India,1
India,1
India,1
India,1
India,1
India,1
India,1
India,1
India,1
India,1
India,1
India,1
India,1
India,1
India,1
India,1
India,1
India,1
India,1
India,1
India,1
India,1
India,1
India,1
India,1
India,1
India,1
India,1
India,1
India,1
India,1
India,1
India,1
India,1
India,1
India,1
India,1
India,1
India,1
India,1
India,1
India,1
India,1
India,1
India,1
India,1
India,1
India,1
India,1
India,1
India,1
India,1
India,1
India,1
India,1
India,1
India,1
India,1
India,1
India,1
India,1
India,1
India,1
India,1
India,1
India,1
India,1
India,1
India,1
India,1
India,1
India,1
India,1
India,1
India,1
India,1
India,1
India,1
India,1
India,1
India,1
India,1
India,1
India,1
India,1
India,1
India,1
India,1
India,1
India,1
India,1
India,1
India,1
India,1
India,1
India,1
India,1
India,1
India,1
India,1
India,1
India,1
India,1
India,1
India,1
India,1
India,1
India,1
India,1
India,1
India,1
India,1
India,1
India,1
India,1
India,1
India,1
India,1
India,1
India,1
India,1
India,1
India,1
India,1
India,1
India,1
India,1
India,1
India,1
India,1
India,1
India,1
India,1
India,1
India,1
India,1
India,1
India,1
India,1
India,1
India,1
India,1
India,1
India,1
India,1
India,1
India,1
India,1
India,1
India,1
India,1
India,1
India,1
India,1
India,1
India,1
India,1
India,1
India,1
India,1
India,1
India,1
India,1
India,1
India,1
India,1
India,1
India,1
India,1
India,1
India,1
India,1
India,1
India,1
India,1
India,1
India,1
India,1
India,1
India,1
India,1
India,1
India,1
India,1
India,1
India,1
India,1
India,1
India,1
India,1
India,1
India,1
India,1
India,1
India,1
India,1
India,1
India,1
India,1
India,1
India,1
India,1
India,1
India,1
India,1
India,1
India,1
India,1
India,1
India,1
India,1
India,1
India,1
India,1
India,1
India,1
India,1
India,1
India,1
India,1
India,1
India,1
India,1
India,1
India,1
India,1
India,1
India,1
India,1
India,1
India,1
India,1
India,1
India,1
India,1
India,1
India,1
India,1
India,1
India,1
India,1
India,1
India,1
India,1
India,1
India,1
India,1
India,1
India,1
India,1
India,1
India,1
India,1
India,1
India,1
India,1
India,1
India,1
India,1
India,1
India,1
India,1
India,1
India,1
India,1
India,1
India,1
India,1
India,1
India,1
India,1
India,1
India,1
India,1
India,1
India,1
India,1
India,1
India,1
India,1
India,1
India,1
India,1
India,1
India,1
India,1
India,1
India,1
India,1
India,1
India,1
India,1
India,1
India,1
India,1
India,1
India,1
India,1
India,1
India,1
India,1
India,1
India,1
India,1
India,1
India,1
India,1
India,1
India,1
India,1
India,1
India,1
India,1
India,1
India,1
India,1
India,1
India,1
India,1
India,1
India,1
India,1
India,1
India,1
India,1
India,1
India,1
India,1
India,1
India,1
India,1
India,1
India,1
India,1
India,1
India,1
India,1
India,1
India,1
India,1
India,1
India,1
India,1
India,1
India,1
India,1
India,1
India,1
India,1
India,1
India,1
India,1
India,1
India,1
India,1
India,1
India,1
India,1
India,1
India,1
India,1
India,1
India,1
India,1
India,1
India,1
India,1
India,1
India,1
India,1
India,1
India,1
India,1
India,1
India,1
India,1
India,1
India,1
India,1
India,1
India,1
India,1
India,1
India,1
India,1
India,1
India,1
India,1
India,1
India,1
India,1
India,1
India,1
India,1
India,1
India,1
India,1
India,1
India,1
India,1
India,1
India,1
India,1
India,1
India,1
India,1
India,1
India,1
India,1
India,1
India,1
India,1
India,1
India,1
India,1
India,1
India,1
India,1
India,1
India,1
India,1
India,1
India,1
India,1
India,1
India,1
India,1
India,1
India,1
India,1
India,1
India,1
India,1
India,1
India,1
India,1
India,1
India,1
India,1
India,1
India,1
India,1
India,1
India,1
India,1
India,1
India,1
India,1
India,1
India,1
India,1
India,1
India,1
India,1
India,1
India,1
India,1
India,1
India,1
India,1
India,1
India,1
India,1
India,1
India,1
India,1
India,1
India,1
India,1
India,1
India,1
India,1
India,1
India,1
India,1
India,1
India,1
India,1
India,1
India,1
India,1
India,1
India,1
India,1
India,1
India,1
India,1
India,1
India,1
India,1
India,1
India,1
India,1
India,1
India,1
India,1
India,1
India,1
India,1
India,1
India,1
India,1
India,1
India,1
India,1
India,1
India,1
India,1
India,1
India,1
India,1
India,1
India,1
India,1
India,1
India,1
India,1
India,1
India,1
India,1
India,1
India,1
India,1
India,1
India,1
India,1
India,1
India,1
India,1
India,1
India,1
India,1
India,1
India,1
India,1
India,1
India,1
India,1
India,1
India,1
India,1
India,1
India,1
India,1
India,1
India,1
India,1
India,1
India,1
India,1
India,1
India,1
India,1
India,1
India,1
India,1
India,1
India,1
India,1
India,1
India,1
India,1
India,1
India,1
India,1
India,1
India,1
India,1
India,1
India,1
India,1
India,1
India,1
India,1
India,1
India,1
India,1
India,1
India,1
India,1
India,1
India,1
India,1
India,1
India,1
India,1
India,1
India,1
India,1
India,1
India,1
India,1
India,1
India,1
India,1
India,1
India,1
India,1
India,1
India,1
India,1
India,1
India,1
India,1
India,1
India,1
India,1
India,1
India,1
India,1
India,1
India,1
India,1
India,1
India,1
India,1
India,1
India,1
India,1
India,1
India,1
India,1
India,1
India,1
India,1
India,1
India,1
India,1
India,1
India,1
India,1
India,1
India,1
India,1
India,1
India,1
India,1
India,1
India,1
India,1
India,1
India,1
India,1
India,1
India,1
India,1
India,1
India,1
India,1
India,1
India,1
India,1
India,1
India,1
India,1
India,1
India,1
India,1
India,1
India,1
India,1
India,1
India,1
India,1
India,1
India,1
India,1
India,1
India,1
India,1
India,1
India,1
India,1
India,1
India,1
India,1
India,1
India,1
India,1
India,1
India,1
India,1
India,1
India,1
India,1
India,1
India,1
India,1
India,1
India,1
India,1
India,1
India,1
India,1
India,1
India,1
India,1
India,1
India,1
India,1
India,1
India,1
India,1
India,1
India,1
India,1
India,1
India,1
India,1
India,1
India,1
India,1
India,1
India,1
India,1
India,1
India,1
India,1
India,1
India,1
India,1
India,1
India,1
India,1
India,1
India,1
India,1
India,1
India,1
India,1
India,1
India,1
India,1
India,1
India,1
India,1
India,1
India,1
India,1
India,1
India,1
India,1
India,1
India,1
India,1
India,1
India,1
India,1
India,1
India,1
India,1
India,1
India,1
India,1
India,1
India,1
India,1
India,1
India,1
India,1
India,1
India,1
India,1
India,1
India,1
India,1
India,1
India,1
India,1
India,1
India,1
India,1
India,1
India,1
India,1
India,1
India,1
India,1
India,1
India,1
India,1
India,1
India,1
India,1
India,1
India,1
India,1
India,1
India,1
India,1
India,1
India,1
India,1
India,1
India,1
India,1
India,1
India,1
India,1
India,1
India,1
India,1
India,1
India,1
India,1
India,1
India,1
India,1
India,1
India,1
India,1
India,1
India,1
India,1
India,1
India,1
India,1
India,1
India,1
India,1
India,1
India,1
India,1
India,1
India,1
India,1
India,1
India,1
India,1
India,1
India,1
India,1
India,1
India,1
India,1
India,1
India,1
India,1
India,1
India,1
India,1
India,1
India,1
India,1
India,1
India,1
India,1
India,1
India,1
India,1
India,1
India,1
India,1
India,1
India,1
India,1
India,1
India,1
India,1
India,1
India,1
India,1
India,1
India,1
India,1
India,1
India,1
India,1
India,1
India,1
India,1
India,1
India,1
India,1
India,1
India,1
India,1
India,1
India,1
India,1
India,1
India,1
India,1
India,1
India,1
India,1
India,1
India,1
India,1
India,1
India,1
India,1
India,1
India,1
India,1
India,1
India,1
India,1
India,1
India,1
India,1
India,1
India,1
India,1
India,1
India,1
India,1
India,1
India,1
India,1
India,1
India,1
India,1
India,1
India,1
India,1
India,1
India,1
India,1
India,1
India,1
India,1
India,1
India,1
India,1
India,1
India,1
India,1
India,1
India,1
India,1
India,1
India,1
India,1
India,1
India,1
India,1
India,1
India,1
India,1
India,1
India,1
India,1
India,1
India,1
India,1
India,1
India,1
India,1
India,1
India,1
India,1
India,1
India,1
India,1
India,1
India,1
India,1
India,1
India,1
India,1
India,1
India,1
India,1
India,1
India,1
India,1
India,1
India,1
India,1
India,1
India,1
India,1
India,1
India,1
India,1
India,1
India,1
India,1
India,1
India,1
India,1
India,1
India,1
India,1
India,1
India,1
India,1
India,1
India,1
India,1
India,1
India,1
India,1
India,1
India,1
India,1
India,1
India,1
India,1
India,1
India,1
India,1
India,1
India,1
India,1
India,1
India,1
India,1
India,1
India,1
India,1
India,1
India,1
India,1
India,1
India,1
India,1
India,1
India,1
India,1
India,1
India,1
India,1
India,1
India,1
India,1
India,1
India,1
India,1
India,1
India,1
India,1
India,1
India,1
India,1
India,1
India,1
India,1
India,1
India,1
India,1
India,1
India,1
India,1
India,1
India,1
India,1
India,1
India,1
India,1
India,1
India,1
India,1
India,1
India,1
India,1
India,1
India,1
India,1
India,1
India,1
India,1
India,1
India,1
India,1
India,1
India,1
India,1
India,1
India,1
India,1
India,1
India,1
India,1
India,1
India,1
India,1
India,1
India,1
India,1
India,1
India,1
India,1
India,1
India,1
India,1
India,1
India,1
India,1
India,1
India,1
India,1
India,1
India,1
India,1
India,1
India,1
India,1
India,1
India,1
India,1
India,1
India,1
India,1
India,1
India,1
India,1
India,1
India,1
India,1
India,1
India,1
India,1
India,1
India,1
India,1
India,1
India,1
India,1
India,1
India,1
India,1
India,1
India,1
India,1
India,1
India,1
India,1
India,1
India,1
India,1
India,1
India,1
India,1
India,1
India,1
India,1
India,1
India,1
India,1
India,1
India,1
India,1
India,1
India,1
India,1
India,1
India,1
India,1
India,1
India,1
India,1
India,1
India,1
India,1
India,1
India,1
India,1
India,1
India,1
India,1
India,1
India,1
India,1
India,1
India,1
India,1
India,1
India,1
India,1
India,1
India,1
India,1
India,1
India,1
India,1
India,1
India,1
India,1
India,1
India,1
India,1
India,1
India,1
India,1
India,1
India,1
India,1
India,1
India,1
India,1
India,1
India,1
India,1
India,1
India,1
India,1
India,1
India,1
India,1
India,1
India,1
India,1
India,1
India,1
India,1
India,1
India,1
India,1
India,1
India,1
India,1
India,1
India,1
India,1
India,1
India,1
India,1
India,1
India,1
India,1
India,1
India,1
India,1
India,1
India,1
India,1
India,1
India,1
India,1
India,1
India,1
India,1
India,1
India,1
India,1
India,1
India,1
India,1
India,1
India,1
India,1
India,1
India,1
India,1
India,1
India,1
India,1
India,1
India,1
India,1
India,1
India,1
India,1
India,1
India,1
India,1
India,1
India,1
India,1
India,1
India,1
India,1
India,1
India,1
India,1
India,1
India,1
India,1
India,1
India,1
India,1
India,1
India,1
India,1
India,1
India,1
India,1
India,1
India,1
India,1
India,1
India,1
India,1
India,1
India,1
India,1
India,1
India,1
India,1
India,1
India,1
India,1
India,1
India,1
India,1
India,1
India,1
India,1
India,1
India,1
India,1
India,1
India,1
India,1
India,1
India,1
India,1
India,1
India,1
India,1
India,1
India,1
India,1
India,1
India,1
India,1
India,1
India,1
India,1
India,1
India,1
India,1
India,1
India,1
India,1
India,1
India,1
India,1
India,1
India,1
India,1
India,1
India,1
India,1
India,1
India,1
India,1
India,1
India,1
India,1
India,1
India,1
India,1
India,1
India,1
India,1
India,1
India,1
India,1
India,1
India,1
India,1
India,1
India,1
India,1
India,1
India,1
India,1
India,1
India,1
India,1
India,1
India,1
India,1
India,1
India,1
India,1
India,1
India,1
India,1
India,1
India,1
India,1
India,1
India,1
India,1
India,1
India,1
India,1
India,1
India,1
India,1
India,1
India,1
India,1
India,1
India,1
India,1
India,1
India,1
India,1
India,1
India,1
India,1
India,1
India,1
India,1
India,1
India,1
India,1
India,1
India,1
India,1
India,1
India,1
India,1
India,1
India,1
India,1
India,1
India,1
India,1
India,1
India,1
India,1
India,1
India,1
India,1
India,1
India,1
India,1
India,1
India,1
India,1
India,1
India,1
India,1
India,1
India,1
India,1
India,1
India,1
India,1
India,1
India,1
India,1
India,1
India,1
India,1
India,1
India,1
India,1
India,1
India,1
India,1
India,1
India,1
India,1
India,1
India,1
India,1
India,1
India,1
India,1
India,1
India,1
India,1
India,1
India,1
India,1
India,1
India,1
India,1
India,1
India,1
India,1
India,1
India,1
India,1
India,1
India,1
India,1
India,1
India,1
India,1
India,1
India,1
India,1
India,1
India,1
India,1
India,1
India,1
India,1
India,1
India,1
India,1
India,1
India,1
India,1
India,1
India,1
India,1
India,1
India,1
India,1
India,1
India,1
India,1
India,1
India,1
India,1
India,1
India,1
India,1
India,1
India,1
India,1
India,1
India,1
India,1
India,1
India,1
India,1
India,1
India,1
India,1
India,1
India,1
India,1
India,1
India,1
India,1
India,1
India,1
India,1
India,1
India,1
India,1
India,1
India,1
India,1
India,1
India,1
India,1
India,1
India,1
India,1
India,1
India,1
India,1
India,1
India,1
India,1
India,1
India,1
India,1
India,1
India,1
India,1
India,1
India,1
India,1
India,1
India,1
India,1
India,1
India,1
India,1
India,1
India,1
India,1
India,1
India,1
India,1
India,1
India,1
India,1
India,1
India,1
India,1
India,1
India,1
India,1
India,1
India,1
India,1
India,1
India,1
India,1
India,1
India,1
India,1
India,1
India,1
India,1
India,1
India,1
India,1
India,1
India,1
India,1
India,1
India,1
India,1
India,1
India,1
India,1
India,1
India,1
India,1
India,1
India,1
India,1
India,1
India,1
India,1
India,1
India,1
India,1
India,1
India,1
India,1
India,1
India,1
India,1
India,1
India,1
India,1
India,1
India,1
India,1
India,1
India,1
India,1
India,1
India,1
India,1
India,1
India,1
India,1
India,1
India,1
India,1
India,1
India,1
India,1
India,1
India,1
India,1
India,1
India,1
India,1
India,1
India,1
India,1
India,1
India,1
India,1
India,1
India,1
India,1
India,1
India,1
India,1
India,1
India,1
India,1
India,1
India,1
India,1
India,1
India,1
India,1
India,1
India,1
India,1
India,1
India,1
India,1
India,1
India,1
India,1
India,1
India,1
India,1
India,1
India,1
India,1
India,1
India,1
India,1
India,1
India,1
India,1
India,1
India,1
India,1
India,1
India,1
India,1
India,1
India,1
India,1
India,1
India,1
India,1
India,1
India,1
India,1
India,1
India,1
India,1
India,1
India,1
India,1
India,1
India,1
India,1
India,1
India,1
India,1
India,1
India,1
India,1
India,1
India,1
India,1
India,1
India,1
India,1
India,1
India,1
India,1
India,1
India,1
India,1
India,1
India,1
India,1
India,1
India,1
India,1
India,1
India,1
India,1
India,1
India,1
India,1
India,1
India,1
India,1
India,1
India,1
India,1
India,1
India,1
India,1
India,1
India,1
India,1
India,1
India,1
India,1
India,1
India,1
India,1
India,1
India,1
India,1
India,1
India,1
India,1
India,1
India,1
India,1
India,1
India,1
India,1
India,1
India,1
India,1
India,1
India,1
India,1
India,1
India,1
India,1
India,1
India,1
India,1
India,1
India,1
India,1
India,1
India,1
India,1
India,1
India,1
India,1
India,1
India,1
India,1
India,1
India,1
India,1
India,1
India,1
India,1
India,1
India,1
India,1
India,1
India,1
India,1
India,1
India,1
India,1
India,1
India,1
India,1
India,1
India,1
India,1
India,1
India,1
India,1
India,1
India,1
India,1
India,1
India,1
India,1
India,1
India,1
India,1
India,1
India,1
India,1
India,1
India,1
India,1
India,1
India,1
India,1
India,1
India,1
India,1
India,1
India,1
India,1
India,1
India,1
India,1
India,1
India,1
India,1
India,1
India,1
India,1
India,1
India,1
India,1
India,1
India,1
India,1
India,1
India,1
India,1
India,1
India,1
India,1
India,1
India,1
India,1
India,1
India,1
India,1
India,1
India,1
India,1
India,1
India,1
India,1
India,1
India,1
India,1
India,1
India,1
India,1
India,1
India,1
India,1
India,1
India,1
India,1
India,1
India,1
India,1
India,1
India,1
India,1
India,1
India,1
India,1
India,1
India,1
India,1
India,1
India,1
India,1
India,1
India,1
India,1
India,1
India,1
India,1
India,1
India,1
India,1
India,1
India,1
India,1
India,1
India,1
India,1
India,1
India,1
India,1
India,1
India,1
India,1
India,1
India,1
India,1
India,1
India,1
India,1
India,1
India,1
India,1
India,1
India,1
India,1
India,1
India,1
India,1
India,1
India,1
India,1
India,1
India,1
India,1
India,1
India,1
India,1
India,1
India,1
India,1
India,1
India,1
India,1
India,1
India,1
India,1
India,1
India,1
India,1
India,1
India,1
India,1
India,1
India,1
India,1
India,1
India,1
India,1
India,1
India,1
India,1
India,1
India,1
India,1
India,1
India,1
India,1
India,1
India,1
India,1
India,1
India,1
India,1
India,1
India,1
India,1
India,1
India,1
India,1
India,1
India,1
India,1
India,1
India,1
India,1
India,1
India,1
India,1
India,1
India,1
India,1
India,1
India,1
India,1
India,1
India,1
India,1
India,1
India,1
India,1
India,1
India,1
India,1
India,1
India,1
India,1
India,1
India,1
India,1
India,1
India,1
India,1
India,1
India,1
India,1
India,1
India,1
India,1
India,1
India,1
India,1
India,1
India,1
India,1
India,1
India,1
India,1
India,1
India,1
India,1
India,1
India,1
India,1
India,1
India,1
India,1
India,1
India,1
India,1
India,1
India,1
India,1
India,1
India,1
India,1
India,1
India,1
India,1
India,1
India,1
India,1
India,1
India,1
India,1
India,1
India,1
India,1
India,1
India,1
India,1
India,1
India,1
India,1
India,1
India,1
India,1
India,1
India,1
India,1
India,1
India,1
India,1
India,1
India,1
India,1
India,1
India,1
India,1
India,1
India,1
India,1
India,1
India,1
India,1
India,1
India,1
India,1
India,1
India,1
India,1
India,1
India,1
India,1
India,1
India,1
India,1
India,1
India,1
India,1
India,1
India,1
India,1
India,1
India,1
India,1
India,1
India,1
India,1
India,1
India,1
India,1
India,1
India,1
India,1
India,1
India,1
India,1
India,1
India,1
India,1
India,1
India,1
India,1
India,1
India,1
India,1
India,1
India,1
India,1
India,1
India,1
India,1
India,1
India,1
India,1
India,1
India,1
India,1
India,1
India,1
India,1
India,1
India,1
India,1
India,1
India,1
India,1
India,1
India,1
India,1
India,1
India,1
India,1
India,1
India,1
India,1
India,1
India,1
India,1
India,1
India,1
India,1
India,1
India,1
India,1
India,1
India,1
India,1
India,1
India,1
India,1
India,1
India,1
India,1
India,1
India,1
India,1
India,1
India,1
India,1
India,1
India,1
India,1
India,1
India,1
India,1
India,1
India,1
India,1
India,1
India,1
India,1
India,1
India,1
India,1
India,1
India,1
India,1
India,1
India,1
India,1
India,1
India,1
India,1
India,1
India,1
India,1
India,1
India,1
India,1
India,1
India,1
India,1
India,1
India,1
India,1
India,1
India,1
India,1
India,1
India,1
India,1
India,1
India,1
India,1
India,1
India,1
India,1
India,1
India,1
India,1
India,1
India,1
India,1
India,1
India,1
India,1
India,1
India,1
India,1
India,1
India,1
India,1
India,1
India,1
India,1
India,1
India,1
India,1
India,1
India,1
India,1
India,1
India,1
India,1
India,1
India,1
India,1
India,1
India,1
India,1
India,1
India,1
India,1
India,1
India,1
India,1
India,1
India,1
India,1
India,1
India,1
India,1
India,1
India,1
India,1
India,1
India,1
India,1
India,1
India,1
India,1
India,1
Indonesia,94
Indonesia,94
Indonesia,94
Indonesia,94
Indonesia,94
Indonesia,94
Indonesia,94
Indonesia,94
Indonesia,94
Indonesia,94
Indonesia,94
Indonesia,94
Indonesia,94
Indonesia,94
Indonesia,94
Indonesia,94
Indonesia,94
Indonesia,94
Indonesia,94
Indonesia,94
Indonesia,94
New Zealand,148
New Zealand,148
New Zealand,148
New Zealand,148
New Zealand,148
New Zealand,148
New Zealand,148
New Zealand,148
New Zealand,148
New Zealand,148
New Zealand,148
New Zealand,148
New Zealand,148
New Zealand,148
New Zealand,148
New Zealand,148
New Zealand,148
New Zealand,148
New Zealand,148
New Zealand,148
New Zealand,148
New Zealand,148
New Zealand,148
New Zealand,148
New Zealand,148
New Zealand,148
New Zealand,148
New Zealand,148
New Zealand,148
New Zealand,148
New Zealand,148
New Zealand,148
New Zealand,148
New Zealand,148
New Zealand,148
New Zealand,148
New Zealand,148
New Zealand,148
New Zealand,148
New Zealand,148
United Kingdom,215
United Kingdom,215
United Kingdom,215
United Kingdom,215
United Kingdom,215
United Kingdom,215
United Kingdom,215
United Kingdom,215
United Kingdom,215
United Kingdom,215
United Kingdom,215
United Kingdom,215
United Kingdom,215
United Kingdom,215
United Kingdom,215
United Kingdom,215
United Kingdom,215
United Kingdom,215
United Kingdom,215
United Kingdom,215
United Kingdom,215
United Kingdom,215
United Kingdom,215
United Kingdom,215
United Kingdom,215
United Kingdom,215
United Kingdom,215
United Kingdom,215
United Kingdom,215
United Kingdom,215
United Kingdom,215
United Kingdom,215
United Kingdom,215
United Kingdom,215
United Kingdom,215
United Kingdom,215
United Kingdom,215
United Kingdom,215
United Kingdom,215
United Kingdom,215
United Kingdom,215
United Kingdom,215
United Kingdom,215
United Kingdom,215
United Kingdom,215
United Kingdom,215
United Kingdom,215
United Kingdom,215
United Kingdom,215
United Kingdom,215
United Kingdom,215
United Kingdom,215
United Kingdom,215
United Kingdom,215
United Kingdom,215
United Kingdom,215
United Kingdom,215
United Kingdom,215
United Kingdom,215
United Kingdom,215
United Kingdom,215
United Kingdom,215
United Kingdom,215
United Kingdom,215
United Kingdom,215
United Kingdom,215
United Kingdom,215
United Kingdom,215
United Kingdom,215
United Kingdom,215
United Kingdom,215
United Kingdom,215
United Kingdom,215
United Kingdom,215
United Kingdom,215
United Kingdom,215
United Kingdom,215
United Kingdom,215
United Kingdom,215
United Kingdom,215
Qatar,166
Qatar,166
Qatar,166
Qatar,166
Qatar,166
Qatar,166
Qatar,166
Qatar,166
Qatar,166
Qatar,166
Qatar,166
Qatar,166
Qatar,166
Qatar,166
Qatar,166
Qatar,166
Qatar,166
Qatar,166
Qatar,166
Qatar,166
South Africa,189
South Africa,189
South Africa,189
South Africa,189
South Africa,189
South Africa,189
South Africa,189
South Africa,189
South Africa,189
South Africa,189
South Africa,189
South Africa,189
South Africa,189
South Africa,189
South Africa,189
South Africa,189
South Africa,189
South Africa,189
South Africa,189
South Africa,189
South Africa,189
South Africa,189
South Africa,189
South Africa,189
South Africa,189
South Africa,189
South Africa,189
South Africa,189
South Africa,189
South Africa,189
South Africa,189
South Africa,189
South Africa,189
South Africa,189
South Africa,189
South Africa,189
South Africa,189
South Africa,189
South Africa,189
South Africa,189
South Africa,189
South Africa,189
South Africa,189
South Africa,189
South Africa,189
South Africa,189
South Africa,189
South Africa,189
South Africa,189
South Africa,189
South Africa,189
South Africa,189
South Africa,189
South Africa,189
South Africa,189
South Africa,189
South Africa,189
South Africa,189
South Africa,189
South Africa,189
Sri Lanka,191
Sri Lanka,191
Sri Lanka,191
Sri Lanka,191
Sri Lanka,191
Sri Lanka,191
Sri Lanka,191
Sri Lanka,191
Sri Lanka,191
Sri Lanka,191
Sri Lanka,191
Sri Lanka,191
Sri Lanka,191
Sri Lanka,191
Sri Lanka,191
Sri Lanka,191
Sri Lanka,191
Sri Lanka,191
Sri Lanka,191
Sri Lanka,191
Turkey,208
Turkey,208
Turkey,208
Turkey,208
Turkey,208
Turkey,208
Turkey,208
Turkey,208
Turkey,208
Turkey,208
Turkey,208
Turkey,208
Turkey,208
Turkey,208
Turkey,208
Turkey,208
Turkey,208
Turkey,208
Turkey,208
Turkey,208
Turkey,208
Turkey,208
Turkey,208
Turkey,208
Turkey,208
Turkey,208
Turkey,208
Turkey,208
Turkey,208
Turkey,208
Turkey,208
Turkey,208
Turkey,208
Turkey,208
